{
  "id" : "12a4ada3-98c2-4ba2-a492-aaac3a4cb478",
  "restrictions" : [ ],
  "version" : 6,
  "syncVersion" : 0,
  "title" : {
    "value" : "Monkey",
    "translations" : {
      "de" : "Affenkopf"
    }
  },
  "description" : {
    "value" : "Blender's monkey head.",
    "translations" : {
      "de" : "Der Blender 3D Affenkopf."
    }
  },
  "properties" : {
    "b050c460-b653-43cd-9c6b-54a7711ef91e" : {
      "value" : "31146",
      "translatedValue" : "31146",
      "translations" : { }
    },
    "2455a61c-9ebd-4d06-9e67-8eaccd7e82ff" : {
      "value" : "",
      "translatedValue" : "",
      "translations" : { }
    },
    "ea00e0c3-b416-48a0-b582-905c97b892d6" : {
      "value" : "32000",
      "translatedValue" : "32000",
      "translations" : { }
    },
    "16b1a164-09f3-46ba-99d0-98587a2375d5" : {
      "value" : "61952",
      "translatedValue" : "61952",
      "translations" : { }
    },
    "5abd6197-6145-4246-8482-488ee80ebe91" : {
      "value" : "26.03.2024",
      "translatedValue" : "26.03.2024",
      "translations" : { }
    },
    "da9ed2f4-ef20-4dce-bafb-7b8e0c7b7e40" : {
      "value" : "Blender 3D",
      "translatedValue" : "Blender 3D",
      "translations" : { }
    }
  },
  "tags" : [ {
    "value" : "complex",
    "translatedValue" : "komplex",
    "translations" : {
      "de" : "komplex"
    },
    "id" : "ed94c664-78e1-4f13-a111-f8f909dbbd14",
    "restrictions" : [ ],
    "url" : "",
    "defaultTag" : false
  } ],
  "mediaContent" : {
    "images" : [ ],
    "models" : [ "001.glb" ]
  }
}