{
  "id" : "2c9e54e0-1b48-4a0a-94e6-6932dc1ac231",
  "widgets" : [ {
    "id" : "97a2450c-509d-49b5-9deb-bebb3959dacb",
    "type" : "PAGE_TITLE",
    "title" : {
      "value" : "Simple Structures",
      "translations" : {
        "de" : "Einfache Strukturen"
      }
    },
    "backgroundImage" : "simple-title-img.png"
  }, {
    "id" : "881c8141-7fc2-435d-8f57-e87551c701de",
    "type" : "TEXT",
    "heading" : {
      "value" : "Items with Simple Structure",
      "translations" : {
        "de" : "Ausstellungsstücke mit einfacher Struktur"
      }
    },
    "content" : {
      "value" : "This is a small collection of items with a simple geometric structure.",
      "translations" : {
        "de" : "Dies ist eine kleine Sammlung von Ausstellungsstücken mit einfachen geometrischen formen."
      }
    }
  }, {
    "id" : "77b05a1b-0b03-4ab2-b626-bc38cbbe7646",
    "type" : "ITEM_SEARCH",
    "searchTerm" : "42bcad63-429b-4686-a2b8-d12610b9bf0e:\"simple\"",
    "maxResults" : 100,
    "pageSize" : 0
  } ],
  "editable" : true
}