{
  "value" : "Demo-Exhibition",
  "translations" : {
    "de" : "Demo-Ausstellung"
  },
  "id" : "2eeb4572-123e-4ed8-80b2-a05b05128e79",
  "menuEntries" : [ {
    "value" : "Simple Structures",
    "translations" : {
      "de" : "Einfache Strukturen"
    },
    "id" : "8090a963-1e1a-4df8-b8b4-155ca9d95f10",
    "targetPageId" : "78ae9ee6-76e8-49e1-bba9-3005b915194b"
  }, {
    "value" : "Complex Structures",
    "translations" : {
      "de" : "Komplexere Strukturen"
    },
    "id" : "3b083128-ed08-459b-a882-49c36064b9e0",
    "targetPageId" : "d8c3f0c7-6559-4930-9596-f48fd9279936"
  } ],
  "targetPageId" : "",
  "exportTitle" : {
    "value" : "Artivact Demo",
    "translations" : {
      "de" : ""
    }
  },
  "exportDescription" : {
    "value" : "The Artivact Demo export for testing.",
    "translations" : {
      "de" : "Der Artivact-Demo-Export für Testzwecke. "
    }
  }
}