{
  "id" : "51f21ab5-5499-4933-bbe7-11e1f8ac5e08",
  "widgets" : [ {
    "id" : "61421475-05e7-4f53-9254-9fba2adc5f24",
    "type" : "PAGE_TITLE",
    "title" : {
      "value" : "Complex Structures",
      "translations" : {
        "de" : "Komplexere Strukturen"
      }
    },
    "backgroundImage" : "complex-title-img.png"
  }, {
    "id" : "185486e7-fa09-4ad7-b96b-b85da31f93cb",
    "type" : "TEXT",
    "heading" : {
      "value" : "Items with Complex Structures",
      "translations" : {
        "de" : "Ausstellungsstücke mit Komplexeren Strukturen"
      }
    },
    "content" : {
      "value" : "In this section, items with more complex structures are shown",
      "translations" : {
        "de" : "In diesem Abschnitt finden sich Ausstellungsstücke mit etwas komplexeren Strukturen."
      }
    }
  }, {
    "id" : "95972bfe-5870-4a81-a1d6-59b53dc672bc",
    "type" : "ITEM_SEARCH",
    "searchTerm" : " ed94c664-78e1-4f13-a111-f8f909dbbd14:\"complex\"",
    "maxResults" : 100,
    "pageSize" : 9
  } ],
  "editable" : true
}