{
  "schemaVersion" : 1,
  "title" : {
    "value" : "Artivact Demo",
    "translations" : {
      "de" : ""
    }
  },
  "description" : {
    "value" : "The Artivact Demo export for testing.",
    "translations" : {
      "de" : "Der Artivact-Demo-Export für Testzwecke. "
    }
  },
  "menuId" : "2eeb4572-123e-4ed8-80b2-a05b05128e79",
  "propertyCategories" : [ {
    "value" : "Mesh Data",
    "translations" : {
      "de" : "Gittermodelldaten"
    },
    "id" : "5e7e2f3b-1e22-40c7-b876-b0463c61191d",
    "properties" : [ {
      "value" : "Vertices",
      "translations" : {
        "de" : "Knoten"
      },
      "id" : "b050c460-b653-43cd-9c6b-54a7711ef91e",
      "valueRange" : [ ]
    }, {
      "value" : "Faces",
      "translations" : {
        "de" : "Oberflächen"
      },
      "id" : "ea00e0c3-b416-48a0-b582-905c97b892d6",
      "valueRange" : [ ]
    }, {
      "value" : "Tris",
      "translations" : {
        "de" : "Dreiecke"
      },
      "id" : "16b1a164-09f3-46ba-99d0-98587a2375d5",
      "valueRange" : [ ]
    } ]
  }, {
    "value" : "Meta Data",
    "translations" : {
      "de" : "Metadaten"
    },
    "id" : "0727a515-b150-47de-9252-cb89fa433b0c",
    "properties" : [ {
      "value" : "Created",
      "translations" : {
        "de" : "Erstellt"
      },
      "id" : "5abd6197-6145-4246-8482-488ee80ebe91",
      "valueRange" : [ ]
    }, {
      "value" : "Application",
      "translations" : {
        "de" : "Anwendung"
      },
      "id" : "da9ed2f4-ef20-4dce-bafb-7b8e0c7b7e40",
      "valueRange" : [ {
        "value" : "Blender 3D",
        "translations" : { },
        "id" : "ebe6e264-651f-495c-b369-889728487b81"
      } ]
    } ]
  } ],
  "tags" : [ {
    "value" : "simple",
    "translations" : {
      "de" : "einfach"
    },
    "id" : "42bcad63-429b-4686-a2b8-d12610b9bf0e",
    "url" : "",
    "defaultTag" : false
  }, {
    "value" : "complex",
    "translations" : {
      "de" : "komplex"
    },
    "id" : "ed94c664-78e1-4f13-a111-f8f909dbbd14",
    "url" : "",
    "defaultTag" : false
  } ]
}