{
  "id" : "dc22769d-c194-4200-91fb-45fb54974974",
  "restrictions" : [ ],
  "version" : 5,
  "syncVersion" : 0,
  "title" : {
    "value" : "Cylinder",
    "translations" : {
      "de" : "Zylinder"
    }
  },
  "description" : {
    "value" : "A simple cylinder.",
    "translations" : {
      "de" : "Ein einfacher Zylinder."
    }
  },
  "properties" : {
    "b050c460-b653-43cd-9c6b-54a7711ef91e" : {
      "value" : "64",
      "translatedValue" : "64",
      "translations" : { }
    },
    "2455a61c-9ebd-4d06-9e67-8eaccd7e82ff" : {
      "value" : "",
      "translatedValue" : "",
      "translations" : { }
    },
    "ea00e0c3-b416-48a0-b582-905c97b892d6" : {
      "value" : "34",
      "translatedValue" : "34",
      "translations" : { }
    },
    "5abd6197-6145-4246-8482-488ee80ebe91" : {
      "value" : "26.03.2024",
      "translatedValue" : "26.03.2024",
      "translations" : { }
    },
    "da9ed2f4-ef20-4dce-bafb-7b8e0c7b7e40" : {
      "value" : "Blender 3D",
      "translatedValue" : "Blender 3D",
      "translations" : { }
    },
    "16b1a164-09f3-46ba-99d0-98587a2375d5" : {
      "value" : "124",
      "translatedValue" : "124",
      "translations" : { }
    }
  },
  "tags" : [ {
    "value" : "simple",
    "translatedValue" : "einfach",
    "translations" : {
      "de" : "einfach"
    },
    "id" : "42bcad63-429b-4686-a2b8-d12610b9bf0e",
    "restrictions" : [ ],
    "url" : "",
    "defaultTag" : false
  } ],
  "mediaContent" : {
    "images" : [ ],
    "models" : [ "001.glb" ]
  }
}